create database Library; 
use Library; 

CREATE TABLE PUBLISHER( 
NAME VARCHAR(18) PRIMARY KEY, 
ADDRESS VARCHAR(10), 
PHONE VARCHAR(10)); 

CREATE TABLE BOOK( 
BOOK_ID INTEGER PRIMARY KEY, 
TITLE VARCHAR(20), 
PUBLISHER_NAME VARCHAR(20), 
PUB_YEAR INT(4), 
FOREIGN KEY(PUBLISHER_NAME) REFERENCES PUBLISHER(NAME) ON 
DELETE CASCADE 
); 

CREATE TABLE BOOK_AUTHORS( 
BOOK_ID INTEGER, 
AUTHOR_NAME VARCHAR(20), 
PRIMARY KEY(BOOK_ID), 
FOREIGN KEY(BOOK_ID) REFERENCES BOOK(BOOK_ID) ON DELETE CASCADE); 

CREATE TABLE LIBRARY_PROGRAMME( 
PROGRAMME_ID INTEGER PRIMARY KEY, 
PROGRAMME_NAME VARCHAR(18), 
ADDRESS VARCHAR(15)); 

CREATE TABLE BOOK_COPIES( 
BOOK_ID INTEGER, 
PROGRAMME_ID INTEGER, 
NO_OF_COPIES INTEGER, 
FOREIGN KEY(BOOK_ID) REFERENCES BOOK(BOOK_ID) ON DELETE CASCADE, 
FOREIGN KEY(PROGRAMME_ID) REFERENCES LIBRARY_PROGRAMME(PROGRAMME_ID) ON 
DELETE CASCADE, 
PRIMARY KEY(BOOK_ID,PROGRAMME_ID)); 

CREATE TABLE BOOK_LENDING( 
BOOK_ID INTEGER, 
PROGRAMME_ID INTEGER, 
CARD_NO INTEGER, 
DATE_OUT DATE, 
DUE_DATE DATE, 
PRIMARY KEY(BOOK_ID,PROGRAMME_ID,CARD_NO), 
FOREIGN KEY(BOOK_ID) REFERENCES BOOK(BOOK_ID) ON DELETE CASCADE, 
FOREIGN KEY(PROGRAMME_ID) REFERENCES LIBRARY_PROGRAMME(PROGRAMME_ID) ON 
DELETE CASCADE 
); 

INSERT INTO PUBLISHER VALUES('PEARSON','BANGALORE','9875462530'); 
INSERT INTO PUBLISHER VALUES('MCGRAW','NEWDELHI','7845691234'); 
INSERT INTO PUBLISHER VALUES('SAPNA','BANGALORE','7845963210'); 
INSERT INTO BOOK VALUES(1111,'SE','PEARSON',2005); 
INSERT INTO BOOK VALUES(2222,'DBMS','MCGRAW',2004); 
INSERT INTO BOOK VALUES(3333,'ANOTOMY','PEARSON',2010);  
INSERT INTO BOOK VALUES(4444,'ENCYCLOPEDIA','SAPNA',2010); 
INSERT INTO BOOK_AUTHORS VALUES(1111,'SOMMERVILLE'); 
INSERT INTO BOOK_AUTHORS VALUES(2222,'NAVATHE'); 
INSERT INTO BOOK_AUTHORS VALUES(3333,'HENRY GRAY'); 
INSERT INTO BOOK_AUTHORS VALUES(4444,'THOMAS'); 
INSERT INTO LIBRARY_PROGRAMME VALUES(11,'CENTRAL TECHNICAL','MG 
ROAD'); 
INSERT INTO LIBRARY_PROGRAMME VALUES(22,'MEDICAL','BH ROAD'); 
INSERT INTO LIBRARY_PROGRAMME VALUES(33,'CHILDREN','SS PURAM'); 
INSERT INTO LIBRARY_PROGRAMME VALUES(44,'SECRETARIAT','SIRAGATE'); 
INSERT INTO LIBRARY_PROGRAMME VALUES(55,'GENERAL','JAYANAGAR'); 

INSERT INTO BOOK_COPIES VALUES(1111,11,5); 
INSERT INTO BOOK_COPIES VALUES(3333,22,6); 
INSERT INTO BOOK_COPIES VALUES(4444,33,10); 
INSERT INTO BOOK_COPIES VALUES(2222,11,12); 
INSERT INTO BOOK_COPIES VALUES(4444,55,3); 

INSERT INTO BOOK_LENDING VALUES(2222,11,1,'2017-01-10','2017-08-20'); 
INSERT INTO BOOK_LENDING VALUES(3333,22,2,'2017-07-09','2017-08-12'); 
INSERT INTO BOOK_LENDING VALUES(4444,55,1,'2017-04-11','2017-08-09'); 
INSERT INTO BOOK_LENDING VALUES(2222,11,5,'2017-08-09','2017-08-19'); 
INSERT INTO BOOK_LENDING VALUES(4444,33,1,'2017-06-10','2017-08-15'); 
INSERT INTO BOOK_LENDING VALUES(1111,11,1,'2017-05-12','2017-06-10'); 
INSERT INTO BOOK_LENDING VALUES(3333,22,1,'2017-07-10','2017-07-15'); 

SELECT * FROM BOOK; 
SELECT * FROM BOOK; 
SELECT * FROM BOOK_AUTHORS; 
SELECT * FROM LIBRARY_PROGRAMME; 
SELECT * FROM BOOK_COPIES; 
SELECT * FROM BOOK_LENDING;

SELECT PROGRAMME_NAME, B.BOOK_ID,TITLE, 
PUBLISHER_NAME,AUTHOR_NAME, NO_OF_COPIES 
FROM BOOK B, BOOK_AUTHORS BA, BOOK_COPIES BC, 
LIBRARY_PROGRAMME LB WHERE B.BOOK_ID = BA.BOOK_ID AND 
BA.BOOK_ID = BC.BOOK_ID AND 
BC.PROGRAMME_ID = LB.PROGRAMME_ID; 

SELECT CARD_NO 
FROM BOOK_LENDING 
WHERE DATE_OUT BETWEEN '2017-01-01' AND '2017-06-30' 
GROUP BY CARD_NO 
HAVING COUNT(*) > 3; 

DELETE FROM BOOK 
WHERE BOOK_ID = '3333'; 
SELECT * FROM BOOK; 


CREATE VIEW V_PUBLICATION AS 
SELECT PUB_YEAR 
FROM BOOK; 
SELECT * FROM V_PUBLICATION; 

CREATE VIEW BOOKS_AVAILABLE AS 
SELECT B.BOOK_ID, B.TITLE, C.NO_OF_COPIES 
FROM LIBRARY_PROGRAMME L, BOOK B, BOOK_COPIES C 
WHERE B.BOOK_ID = C.BOOK_ID AND L.PROGRAMME_ID=C.PROGRAMME_ID; 
SELECT * FROM BOOKS_AVAILABLE;